annotation_id,comparison_id,dataset,query_id,blind_system,hidden_method,answer_f1,answer_coverage,semantic_similarity,total_tokens,rating,notes
asqa_01_systema,asqa_01,asqa,asqa_122,System A,Fixed Top-10,0.190476,0.148148,0.819143,1088,CORRECT,
asqa_01_systemb,asqa_01,asqa,asqa_122,System B,TACER,0.529412,0.518519,0.90363,471,CORRECT,
asqa_01_systemc,asqa_01,asqa,asqa_122,System C,Safe Adaptive Context,0.169811,0.222222,0.73726,514,PARTIALLY_CORRECT,
asqa_01_systemd,asqa_01,asqa,asqa_122,System D,Adaptive-k,0.190476,0.148148,0.819143,702,CORRECT,
asqa_02_systema,asqa_02,asqa,asqa_91,System A,Fixed Top-10,0.45614,0.447368,0.815438,1096,PARTIALLY_CORRECT,
asqa_02_systemb,asqa_02,asqa,asqa_91,System B,Safe Adaptive Context,0.538462,0.394737,0.833657,343,CORRECT,
asqa_02_systemc,asqa_02,asqa,asqa_91,System C,TACER,0.564103,0.421053,0.845,343,CORRECT,
asqa_02_systemd,asqa_02,asqa,asqa_91,System D,Adaptive-k,0.282927,0.473684,0.718843,790,PARTIALLY_CORRECT,
asqa_03_systema,asqa_03,asqa,asqa_133,System A,Fixed Top-10,0.358025,0.434783,0.65866,1455,PARTIALLY_CORRECT,
asqa_03_systemb,asqa_03,asqa,asqa_133,System B,Adaptive-k,0.451613,0.586957,0.793466,763,PARTIALLY_CORRECT,
asqa_03_systemc,asqa_03,asqa,asqa_133,System C,TACER,0.610687,0.565217,0.794121,387,CORRECT,
asqa_03_systemd,asqa_03,asqa,asqa_133,System D,Safe Adaptive Context,0.610687,0.565217,0.794121,387,CORRECT,
asqa_04_systema,asqa_04,asqa,asqa_119,System A,Safe Adaptive Context,0.455446,0.375,0.870055,317,CORRECT,
asqa_04_systemb,asqa_04,asqa,asqa_119,System B,Adaptive-k,0.301075,0.35,0.846858,860,CORRECT,
asqa_04_systemc,asqa_04,asqa,asqa_119,System C,Fixed Top-10,0.301075,0.35,0.846858,860,CORRECT,
asqa_04_systemd,asqa_04,asqa,asqa_119,System D,TACER,0.455446,0.375,0.870055,317,CORRECT,
asqa_05_systema,asqa_05,asqa,asqa_69,System A,Adaptive-k,0.38806,0.4,0.809092,581,CORRECT,
asqa_05_systemb,asqa_05,asqa,asqa_69,System B,TACER,0.535211,0.633333,0.834688,372,CORRECT,
asqa_05_systemc,asqa_05,asqa,asqa_69,System C,Safe Adaptive Context,0.535211,0.633333,0.834688,372,CORRECT,
asqa_05_systemd,asqa_05,asqa,asqa_69,System D,Fixed Top-10,0.552632,0.666667,0.819187,785,CORRECT,
asqa_06_systema,asqa_06,asqa,asqa_83,System A,Fixed Top-10,0.513514,0.828571,0.921024,1563,CORRECT,
asqa_06_systemb,asqa_06,asqa,asqa_83,System B,TACER,0.632479,0.771429,0.909601,465,CORRECT,
asqa_06_systemc,asqa_06,asqa,asqa_83,System C,Safe Adaptive Context,0.634615,0.685714,0.914593,444,CORRECT,
asqa_06_systemd,asqa_06,asqa,asqa_83,System D,Adaptive-k,0.496124,0.685714,0.930234,1020,CORRECT,
asqa_07_systema,asqa_07,asqa,asqa_126,System A,Safe Adaptive Context,0.685714,0.55,0.895326,349,CORRECT,
asqa_07_systemb,asqa_07,asqa,asqa_126,System B,TACER,0.685714,0.55,0.895326,349,CORRECT,
asqa_07_systemc,asqa_07,asqa,asqa_126,System C,Fixed Top-10,0.565217,0.6,0.894794,1031,CORRECT,
asqa_07_systemd,asqa_07,asqa,asqa_126,System D,Adaptive-k,0.565217,0.6,0.894794,769,CORRECT,
asqa_08_systema,asqa_08,asqa,asqa_147,System A,Adaptive-k,0.381679,0.578947,0.826361,1016,PARTIALLY_CORRECT,
asqa_08_systemb,asqa_08,asqa,asqa_147,System B,Safe Adaptive Context,0.5,0.473684,0.838399,821,CORRECT,
asqa_08_systemc,asqa_08,asqa,asqa_147,System C,Fixed Top-10,0.45,0.657895,0.848418,1006,PARTIALLY_CORRECT,
asqa_08_systemd,asqa_08,asqa,asqa_147,System D,TACER,0.5,0.473684,0.838399,817,CORRECT,
asqa_09_systema,asqa_09,asqa,asqa_68,System A,Safe Adaptive Context,0.453782,0.384615,0.56625,360,PARTIALLY_CORRECT,
asqa_09_systemb,asqa_09,asqa,asqa_68,System B,Fixed Top-10,0.432836,0.403846,0.648664,1565,PARTIALLY_CORRECT,
asqa_09_systemc,asqa_09,asqa,asqa_68,System C,Adaptive-k,0.366667,0.288462,0.570504,1160,PARTIALLY_CORRECT,
asqa_09_systemd,asqa_09,asqa,asqa_68,System D,TACER,0.482759,0.384615,0.555285,357,PARTIALLY_CORRECT,
asqa_10_systema,asqa_10,asqa,asqa_128,System A,Fixed Top-10,0.5,0.521739,0.864771,1061,PARTIALLY_CORRECT,
asqa_10_systemb,asqa_10,asqa,asqa_128,System B,TACER,0.5,0.434783,0.795781,285,PARTIALLY_CORRECT,
asqa_10_systemc,asqa_10,asqa,asqa_128,System C,Adaptive-k,0.4,0.521739,0.848932,1047,PARTIALLY_CORRECT,
asqa_10_systemd,asqa_10,asqa,asqa_128,System D,Safe Adaptive Context,0.5,0.434783,0.795781,285,PARTIALLY_CORRECT,
asqa_11_systema,asqa_11,asqa,asqa_85,System A,Safe Adaptive Context,0.5,0.519231,0.797077,359,CORRECT,
asqa_11_systemb,asqa_11,asqa,asqa_85,System B,Adaptive-k,0.427481,0.480769,0.79585,662,CORRECT,
asqa_11_systemc,asqa_11,asqa,asqa_85,System C,TACER,0.5,0.519231,0.797077,359,CORRECT,
asqa_11_systemd,asqa_11,asqa,asqa_85,System D,Fixed Top-10,0.434783,0.461538,0.810192,1060,CORRECT,
asqa_12_systema,asqa_12,asqa,asqa_127,System A,Adaptive-k,0.333333,0.333333,0.891149,1196,CORRECT,
asqa_12_systemb,asqa_12,asqa,asqa_127,System B,Safe Adaptive Context,0.365854,0.333333,0.856284,357,PARTIALLY_CORRECT,
asqa_12_systemc,asqa_12,asqa,asqa_127,System C,TACER,0.385542,0.333333,0.779544,360,CORRECT,
asqa_12_systemd,asqa_12,asqa,asqa_127,System D,Fixed Top-10,0.333333,0.333333,0.891149,1196,CORRECT,
asqa_13_systema,asqa_13,asqa,asqa_73,System A,Adaptive-k,0.705882,0.636364,0.904393,653,CORRECT,
asqa_13_systemb,asqa_13,asqa,asqa_73,System B,Fixed Top-10,0.705882,0.636364,0.904393,882,CORRECT,
asqa_13_systemc,asqa_13,asqa,asqa_73,System C,TACER,0.754098,0.636364,0.881565,332,CORRECT,
asqa_13_systemd,asqa_13,asqa,asqa_73,System D,Safe Adaptive Context,0.785714,0.636364,0.909177,325,CORRECT,
asqa_14_systema,asqa_14,asqa,asqa_111,System A,Fixed Top-10,0.421053,0.423077,0.848471,1081,CORRECT,
asqa_14_systemb,asqa_14,asqa,asqa_111,System B,TACER,0.463158,0.615385,0.919991,376,CORRECT,
asqa_14_systemc,asqa_14,asqa,asqa_111,System C,Safe Adaptive Context,0.531915,0.653846,0.956865,374,CORRECT,
asqa_14_systemd,asqa_14,asqa,asqa_111,System D,Adaptive-k,0.421053,0.423077,0.848471,645,PARTIALLY_CORRECT,
asqa_15_systema,asqa_15,asqa,asqa_64,System A,Adaptive-k,0.595745,0.65,0.879472,517,PARTIALLY_CORRECT,
asqa_15_systemb,asqa_15,asqa,asqa_64,System B,TACER,0.636364,0.65,0.862764,281,PARTIALLY_CORRECT,
asqa_15_systemc,asqa_15,asqa,asqa_64,System C,Safe Adaptive Context,0.455696,0.75,0.837891,325,PARTIALLY_CORRECT,
asqa_15_systemd,asqa_15,asqa,asqa_64,System D,Fixed Top-10,0.652174,0.7,0.873132,1087,PARTIALLY_CORRECT,
hotpotqa_01_systema,hotpotqa_01,hotpotqa,5ae738f75542991bbc9761c4,System A,Adaptive-k,0.0,0.0,0.696763,1264,INCORRECT,
hotpotqa_01_systemb,hotpotqa_01,hotpotqa,5ae738f75542991bbc9761c4,System B,Safe Adaptive Context,1.0,1.0,1.0,1133,CORRECT,
hotpotqa_01_systemc,hotpotqa_01,hotpotqa,5ae738f75542991bbc9761c4,System C,TACER,1.0,1.0,1.0,1133,CORRECT,
hotpotqa_01_systemd,hotpotqa_01,hotpotqa,5ae738f75542991bbc9761c4,System D,Fixed Top-10,1.0,1.0,1.0,2357,CORRECT,
hotpotqa_02_systema,hotpotqa_02,hotpotqa,5ae5736e5542990ba0bbb2b3,System A,Adaptive-k,0.0,0.0,0.017202,1239,NOT_ENOUGH_INFO,
hotpotqa_02_systemb,hotpotqa_02,hotpotqa,5ae5736e5542990ba0bbb2b3,System B,TACER,1.0,1.0,1.0,1154,CORRECT,
hotpotqa_02_systemc,hotpotqa_02,hotpotqa,5ae5736e5542990ba0bbb2b3,System C,Safe Adaptive Context,1.0,1.0,1.0,1154,CORRECT,
hotpotqa_02_systemd,hotpotqa_02,hotpotqa,5ae5736e5542990ba0bbb2b3,System D,Fixed Top-10,1.0,1.0,1.0,2017,CORRECT,
hotpotqa_03_systema,hotpotqa_03,hotpotqa,5a8979f4554299669944a52e,System A,Adaptive-k,0.0,0.0,0.077269,1027,NOT_ENOUGH_INFO,
hotpotqa_03_systemb,hotpotqa_03,hotpotqa,5a8979f4554299669944a52e,System B,TACER,1.0,1.0,1.0,1182,CORRECT,
hotpotqa_03_systemc,hotpotqa_03,hotpotqa,5a8979f4554299669944a52e,System C,Safe Adaptive Context,1.0,1.0,1.0,1182,CORRECT,
hotpotqa_03_systemd,hotpotqa_03,hotpotqa,5a8979f4554299669944a52e,System D,Fixed Top-10,1.0,1.0,1.0,1336,CORRECT,
hotpotqa_04_systema,hotpotqa_04,hotpotqa,5a80071f5542992bc0c4a684,System A,Safe Adaptive Context,1.0,1.0,1.0,1213,CORRECT,
hotpotqa_04_systemb,hotpotqa_04,hotpotqa,5a80071f5542992bc0c4a684,System B,TACER,1.0,1.0,1.0,1213,CORRECT,
hotpotqa_04_systemc,hotpotqa_04,hotpotqa,5a80071f5542992bc0c4a684,System C,Adaptive-k,0.0,0.0,0.0,1981,NOT_ENOUGH_INFO,
hotpotqa_04_systemd,hotpotqa_04,hotpotqa,5a80071f5542992bc0c4a684,System D,Fixed Top-10,0.0,0.0,0.0,1981,NOT_ENOUGH_INFO,
hotpotqa_05_systema,hotpotqa_05,hotpotqa,5a774e9c55429972597f14f3,System A,Safe Adaptive Context,1.0,1.0,1.0,1257,CORRECT,
hotpotqa_05_systemb,hotpotqa_05,hotpotqa,5a774e9c55429972597f14f3,System B,Adaptive-k,0.0,0.0,0.286875,1950,INCORRECT,
hotpotqa_05_systemc,hotpotqa_05,hotpotqa,5a774e9c55429972597f14f3,System C,TACER,1.0,1.0,1.0,1257,CORRECT,
hotpotqa_05_systemd,hotpotqa_05,hotpotqa,5a774e9c55429972597f14f3,System D,Fixed Top-10,0.0,0.0,0.286875,1950,INCORRECT,
hotpotqa_06_systema,hotpotqa_06,hotpotqa,5a7b12a355429927d897bf2a,System A,Adaptive-k,0.0,0.0,0.035982,1061,NOT_ENOUGH_INFO,
hotpotqa_06_systemb,hotpotqa_06,hotpotqa,5a7b12a355429927d897bf2a,System B,TACER,0.857143,0.75,0.986117,1239,CORRECT,
hotpotqa_06_systemc,hotpotqa_06,hotpotqa,5a7b12a355429927d897bf2a,System C,Safe Adaptive Context,0.857143,0.75,0.986117,1239,CORRECT,
hotpotqa_06_systemd,hotpotqa_06,hotpotqa,5a7b12a355429927d897bf2a,System D,Fixed Top-10,0.857143,0.75,0.986117,1632,CORRECT,
hotpotqa_07_systema,hotpotqa_07,hotpotqa,5a8704f8554299211dda2ba4,System A,Safe Adaptive Context,1.0,1.0,1.0,1165,CORRECT,
hotpotqa_07_systemb,hotpotqa_07,hotpotqa,5a8704f8554299211dda2ba4,System B,Fixed Top-10,0.4,0.25,0.691923,1912,INCORRECT,
hotpotqa_07_systemc,hotpotqa_07,hotpotqa,5a8704f8554299211dda2ba4,System C,TACER,1.0,1.0,1.0,1165,CORRECT,
hotpotqa_07_systemd,hotpotqa_07,hotpotqa,5a8704f8554299211dda2ba4,System D,Adaptive-k,0.4,0.25,0.691923,1912,INCORRECT,
hotpotqa_08_systema,hotpotqa_08,hotpotqa,5a8e1027554299653c1aa15f,System A,Fixed Top-10,0.857143,0.75,0.801323,1639,PARTIALLY_CORRECT,
hotpotqa_08_systemb,hotpotqa_08,hotpotqa,5a8e1027554299653c1aa15f,System B,Safe Adaptive Context,0.857143,0.75,0.801323,1230,PARTIALLY_CORRECT,
hotpotqa_08_systemc,hotpotqa_08,hotpotqa,5a8e1027554299653c1aa15f,System C,TACER,0.857143,0.75,0.801323,1230,PARTIALLY_CORRECT,
hotpotqa_08_systemd,hotpotqa_08,hotpotqa,5a8e1027554299653c1aa15f,System D,Adaptive-k,0.285714,0.25,0.704662,990,PARTIALLY_CORRECT,
hotpotqa_09_systema,hotpotqa_09,hotpotqa,5a8361b65542992ef85e22a0,System A,Fixed Top-10,1.0,1.0,1.0,2391,CORRECT,
hotpotqa_09_systemb,hotpotqa_09,hotpotqa,5a8361b65542992ef85e22a0,System B,TACER,1.0,1.0,1.0,1265,CORRECT,
hotpotqa_09_systemc,hotpotqa_09,hotpotqa,5a8361b65542992ef85e22a0,System C,Adaptive-k,0.5,0.4,0.716827,1373,PARTIALLY_CORRECT,
hotpotqa_09_systemd,hotpotqa_09,hotpotqa,5a8361b65542992ef85e22a0,System D,Safe Adaptive Context,1.0,1.0,1.0,1265,CORRECT,
hotpotqa_10_systema,hotpotqa_10,hotpotqa,5a85eed75542996432c5713b,System A,Fixed Top-10,0.4,0.5,0.492545,1794,PARTIALLY_CORRECT,
hotpotqa_10_systemb,hotpotqa_10,hotpotqa,5a85eed75542996432c5713b,System B,TACER,0.4,0.5,0.492545,1167,PARTIALLY_CORRECT,
hotpotqa_10_systemc,hotpotqa_10,hotpotqa,5a85eed75542996432c5713b,System C,Adaptive-k,0.0,0.0,0.304945,1196,INCORRECT,
hotpotqa_10_systemd,hotpotqa_10,hotpotqa,5a85eed75542996432c5713b,System D,Safe Adaptive Context,0.4,0.5,0.492545,1167,PARTIALLY_CORRECT,
hotpotqa_11_systema,hotpotqa_11,hotpotqa,5ab96ab755429970cfb8eacd,System A,Fixed Top-10,0.923077,0.857143,0.93907,1794,CORRECT,
hotpotqa_11_systemb,hotpotqa_11,hotpotqa,5ab96ab755429970cfb8eacd,System B,Safe Adaptive Context,0.4,0.285714,0.632438,1200,PARTIALLY_CORRECT,
hotpotqa_11_systemc,hotpotqa_11,hotpotqa,5ab96ab755429970cfb8eacd,System C,TACER,0.4,0.285714,0.632438,1200,PARTIALLY_CORRECT,
hotpotqa_11_systemd,hotpotqa_11,hotpotqa,5ab96ab755429970cfb8eacd,System D,Adaptive-k,0.0,0.0,0.035419,1145,NOT_ENOUGH_INFO,
hotpotqa_12_systema,hotpotqa_12,hotpotqa,5ab978855542996be2020512,System A,TACER,1.0,1.0,1.0,374,CORRECT,
hotpotqa_12_systemb,hotpotqa_12,hotpotqa,5ab978855542996be2020512,System B,Safe Adaptive Context,1.0,1.0,1.0,1172,CORRECT,
hotpotqa_12_systemc,hotpotqa_12,hotpotqa,5ab978855542996be2020512,System C,Adaptive-k,1.0,1.0,1.0,1603,CORRECT,
hotpotqa_12_systemd,hotpotqa_12,hotpotqa,5ab978855542996be2020512,System D,Fixed Top-10,1.0,1.0,1.0,1603,CORRECT,
hotpotqa_13_systema,hotpotqa_13,hotpotqa,5a7c960655429935c91b5244,System A,Adaptive-k,1.0,1.0,1.0,1979,CORRECT,
hotpotqa_13_systemb,hotpotqa_13,hotpotqa,5a7c960655429935c91b5244,System B,Fixed Top-10,1.0,1.0,1.0,1979,CORRECT,
hotpotqa_13_systemc,hotpotqa_13,hotpotqa,5a7c960655429935c91b5244,System C,Safe Adaptive Context,1.0,1.0,1.0,1098,CORRECT,
hotpotqa_13_systemd,hotpotqa_13,hotpotqa,5a7c960655429935c91b5244,System D,TACER,1.0,1.0,1.0,1098,CORRECT,
hotpotqa_14_systema,hotpotqa_14,hotpotqa,5a738d27554299623ed4abf3,System A,Fixed Top-10,1.0,1.0,1.0,1951,CORRECT,
hotpotqa_14_systemb,hotpotqa_14,hotpotqa,5a738d27554299623ed4abf3,System B,Adaptive-k,1.0,1.0,1.0,1951,CORRECT,
hotpotqa_14_systemc,hotpotqa_14,hotpotqa,5a738d27554299623ed4abf3,System C,Safe Adaptive Context,1.0,1.0,1.0,1187,CORRECT,
hotpotqa_14_systemd,hotpotqa_14,hotpotqa,5a738d27554299623ed4abf3,System D,TACER,1.0,1.0,1.0,1187,CORRECT,
hotpotqa_15_systema,hotpotqa_15,hotpotqa,5ae37c765542992f92d822d4,System A,Adaptive-k,1.0,1.0,1.0,1990,CORRECT,
hotpotqa_15_systemb,hotpotqa_15,hotpotqa,5ae37c765542992f92d822d4,System B,TACER,1.0,1.0,1.0,1265,CORRECT,
hotpotqa_15_systemc,hotpotqa_15,hotpotqa,5ae37c765542992f92d822d4,System C,Fixed Top-10,1.0,1.0,1.0,1990,CORRECT,
hotpotqa_15_systemd,hotpotqa_15,hotpotqa,5ae37c765542992f92d822d4,System D,Safe Adaptive Context,1.0,1.0,1.0,1265,CORRECT,
