annotation_id,dataset,query_id,system,query_text,reference_answer,generated_answer,selected_doc_ids,relevant_doc_ids,auto_answer_f1,auto_answer_coverage,auto_semantic_similarity,total_tokens,fallback_used,fallback_reason,human_correctness,human_failure_type,human_notes
scifact_001_SystemA,scifact,213,System A,CRP is not predictive of postoperative mortality following Coronary Artery Bypass Graft (CABG) surgery.,The evidence is insufficient.,"The evidence is insufficient to conclude that CRP is not predictive of postoperative mortality following Coronary Artery Bypass Graft (CABG) surgery. The provided documents do not contain direct evidence to support or refute this statement. While some documents discuss the relationship between CRP levels and outcomes after cardiac surgery, they do not specifically address the predictive value of CRP for postoperative mortality after CAB","[""27054878"", ""20887554"", ""21048969"", ""750781"", ""40156901"", ""9334631"", ""9846940"", ""13625993"", ""20130904"", ""18872233""]","[""13625993""]",0.117647,1.0,0.127939,4792,False,,,,
scifact_001_SystemB,scifact,213,System B,CRP is not predictive of postoperative mortality following Coronary Artery Bypass Graft (CABG) surgery.,The evidence is insufficient.,"The evidence is insufficient to conclude that CRP is not predictive of postoperative mortality following Coronary Artery Bypass Graft (CABG) surgery. In fact, the provided documents suggest the opposite: that preoperative CRP levels are associated with increased morbidity and mortality after cardiac surgery, including CABG. However, none of the documents explicitly state that CRP is not predictive of post","[""27054878"", ""20887554"", ""21048969""]","[""13625993""]",0.126984,1.0,0.121932,808,False,,,,
scifact_001_SystemC,scifact,213,System C,CRP is not predictive of postoperative mortality following Coronary Artery Bypass Graft (CABG) surgery.,The evidence is insufficient.,"The evidence is insufficient to conclude that CRP is not predictive of postoperative mortality following Coronary Artery Bypass Graft (CABG) surgery. The provided documents suggest that preoperative CRP levels are associated with increased long-term mortality and morbidity after cardiac surgery, including CABG. However, none of the documents directly address the relationship between CRP and postoperative mortality specifically after CAB","[""27054878"", ""20887554"", ""21048969"", ""750781"", ""40156901"", ""9334631"", ""9846940""]","[""13625993""]",0.125,1.0,0.069773,3432,False,,,,
scifact_002_SystemB,scifact,249,System B,Chenodeosycholic acid treatment reduces whole-body energy expenditure.,The evidence contradicts the claim; CDCA treatment actually increased whole-body energy expenditure.,The evidence is insufficient. None of the provided documents mention Chenodeosycholic acid or its effect on whole-body energy expenditure.,"[""23369842"", ""25050364"", ""9796495""]","[""1568684""]",0.424242,0.5,0.573466,638,False,,,,
scifact_002_SystemC,scifact,249,System C,Chenodeosycholic acid treatment reduces whole-body energy expenditure.,The evidence contradicts the claim; CDCA treatment actually increased whole-body energy expenditure.,"The evidence is insufficient to conclude that Chenodeosycholic acid treatment reduces whole-body energy expenditure. In fact, Document 4 suggests the opposite: that Chenodeoxycholic acid (CDCA) treatment increases whole-body energy expenditure. Therefore, the statement in question is incorrect based on the provided documents.","[""23369842"", ""25050364"", ""9796495"", ""1568684"", ""21993510""]","[""1568684""]",0.315789,0.666667,0.811209,1710,False,,,,
scifact_002_SystemA,scifact,249,System A,Chenodeosycholic acid treatment reduces whole-body energy expenditure.,The evidence contradicts the claim; CDCA treatment actually increased whole-body energy expenditure.,"The evidence is insufficient to conclude that Chenodeosycholic acid treatment reduces whole-body energy expenditure. In fact, Document 4 suggests the opposite: that Chenodeoxycholic acid (CDCA) treatment increases whole-body energy expenditure in healthy female subjects. Therefore, based on the provided documents, the statement is false.","[""23369842"", ""25050364"", ""9796495"", ""1568684"", ""21993510"", ""45154987"", ""1590744"", ""38533515"", ""14865329"", ""13441037""]","[""1568684""]",0.305085,0.666667,0.767199,2806,False,,,,
scifact_003_SystemC,scifact,440,System C,Fz/PCP-dependent Pk localizes to the anterior membrane of notochord cells during zebrafish neuralation.,The evidence is insufficient.,"The evidence is insufficient. The provided documents do not contain information about Fz/PCP-dependent Pk localizing to the anterior membrane of notochord cells during zebrafish neuralation. While the documents discuss planar cell polarity (PCP) signaling and its role in various developmental processes, they do not specifically mention Fz/PCP-dependent Pk or its localization in zebrafish not","[""18575183"", ""4423559"", ""6729465"", ""30152134"", ""4932668"", ""5944514"", ""39763465""]","[""4423559""]",0.129032,1.0,0.0,1866,False,,,,
scifact_003_SystemA,scifact,440,System A,Fz/PCP-dependent Pk localizes to the anterior membrane of notochord cells during zebrafish neuralation.,The evidence is insufficient.,The evidence is insufficient. The provided documents do not contain information about Fz/PCP-dependent Pk localizing to the anterior membrane of notochord cells during zebrafish neuralation.,"[""18575183"", ""4423559"", ""6729465"", ""30152134"", ""4932668"", ""5944514"", ""39763465"", ""15472716"", ""20758340"", ""17685207""]","[""4423559""]",0.258065,1.0,0.052074,2872,False,,,,
scifact_003_SystemB,scifact,440,System B,Fz/PCP-dependent Pk localizes to the anterior membrane of notochord cells during zebrafish neuralation.,The evidence is insufficient.,"The evidence is insufficient. The provided documents do not contain information about Fz/PCP-dependent Pk localizing to the anterior membrane of notochord cells during zebrafish neuralation. They discuss planar cell polarity (PCP) signaling in various contexts, including neural tube closure, cochlear development, and congenital heart disease, but do not mention the specific localization of Fz/PCP","[""18575183"", ""4423559"", ""6729465""]","[""4423559""]",0.131148,1.0,0.0,834,False,,,,
scifact_004_SystemC,scifact,475,System C,Glycolysis is one of the primary glycometabolic pathways in cells.,Glycolysis is indeed a primary glycometabolic pathway in cells.,"The provided documents do not explicitly state that glycolysis is one of the primary glycometabolic pathways in cells. However, they do discuss glycolysis as a key metabolic process in various cell types, including cancer cells, macrophages, and hematopoietic cells. 

Documents 1, 2, 3, 4, 5, and 7 mention glycol","[""23576165"", ""195689757"", ""8477699"", ""23148978"", ""8724666"", ""1917068"", ""4423401""]","[""18678095""]",0.241379,0.777778,0.870233,1987,False,,,,
scifact_004_SystemA,scifact,475,System A,Glycolysis is one of the primary glycometabolic pathways in cells.,Glycolysis is indeed a primary glycometabolic pathway in cells.,"The provided documents do not explicitly state that glycolysis is one of the primary glycometabolic pathways in cells. However, they do discuss glycolysis as a metabolic pathway that is altered in various cell types, including cancer cells and immune cells, and its role in energy production and biosynthesis. 

While the documents provide evidence that glycolysis is an important metabolic pathway, they do not","[""23576165"", ""195689757"", ""8477699"", ""23148978"", ""8724666"", ""1917068"", ""4423401"", ""7454794"", ""27647593"", ""6061927""]","[""18678095""]",0.222222,0.888889,0.865673,2893,False,,,,
scifact_004_SystemB,scifact,475,System B,Glycolysis is one of the primary glycometabolic pathways in cells.,Glycolysis is indeed a primary glycometabolic pathway in cells.,"The provided documents do not explicitly state that glycolysis is one of the primary glycometabolic pathways in cells. However, they do discuss glycolysis as a metabolic pathway that is altered in various cell types, including cancer cells and immune cells. 

Documents 1, 2, 3, 4, 5, 7, and 9 mention glycolysis as a","[""23576165"", ""195689757"", ""8477699"", ""23148978"", ""8724666"", ""1917068"", ""4423401"", ""7454794"", ""27647593"", ""6061927""]","[""18678095""]",0.258065,0.888889,0.867709,5771,True,"top_3_compact:low_context_query_coverage,verbose_answer;top_3_full:low_context_query_coverage,verbose_answer;top_5_compact:low_context_query_coverage,verbose_answer",,,
scifact_005_SystemA,scifact,533,System A,Hyperfibrinogenemia increases rates of femoropopliteal bypass thrombosis.,High plasma fibrinogen levels are associated with increased femoropopliteal bypass graft occlusion.,"The evidence is insufficient to determine whether hyperfibrinogenemia increases rates of femoropopliteal bypass thrombosis. While Document 2 mentions that high plasma fibrinogen concentration is associated with increased risk of graft occlusion, it does not specifically address the relationship between hyperfibrinogenemia and femoropopliteal bypass thrombosis. Therefore, more information is","[""1387104"", ""12991445"", ""5238341"", ""34338075"", ""79231308"", ""19332616"", ""14973286"", ""19482914"", ""20128547"", ""27054878""]","[""12991445""]",0.333333,0.833333,0.856849,4177,False,,,,
scifact_005_SystemC,scifact,533,System C,Hyperfibrinogenemia increases rates of femoropopliteal bypass thrombosis.,High plasma fibrinogen levels are associated with increased femoropopliteal bypass graft occlusion.,"The evidence is insufficient to directly answer the question. However, Document 2 provides some relevant information. It states that high plasma fibrinogen concentration is associated with lower patency of femoropopliteal vein grafts, implying that hyperfibrinogenemia may increase the risk of thrombosis in these grafts. While this document does not directly address the relationship between hyperfibr","[""1387104"", ""12991445"", ""5238341""]","[""12991445""]",0.179104,0.5,0.706051,1599,False,,,,
scifact_005_SystemB,scifact,533,System B,Hyperfibrinogenemia increases rates of femoropopliteal bypass thrombosis.,High plasma fibrinogen levels are associated with increased femoropopliteal bypass graft occlusion.,"The evidence is insufficient. The provided documents do not contain enough information to confirm that hyperfibrinogenemia increases rates of femoropopliteal bypass thrombosis. While Document 2 mentions fibrinogen as a plasma factor that may affect the patency of femoropopliteal bypass grafts, it does not specifically state the relationship between hyperfibrinogenemia and","[""1387104"", ""12991445"", ""5238341""]","[""12991445""]",0.129032,0.333333,0.782674,419,False,,,,
scifact_006_SystemA,scifact,56,System A,APOE4 expression in iPSC-derived neurons increases AlphaBeta production and tau phosphorylation causing GABA neuron degeneration.,"The evidence supports the claim that APOE4 expression in iPSC-derived neurons increases Aβ production and tau phosphorylation, leading to GABA neuron degeneration.","The evidence is insufficient to fully support the statement that APOE4 expression in iPSC-derived neurons increases AlphaBeta production and tau phosphorylation causing GABA neuron degeneration.

While Document 1 states that ApoE4-expressing neurons had higher levels of tau phosphorylation and displayed GABAergic neuron degeneration, it does not explicitly state that AlphaBeta production is increased in these neurons.","[""4709641"", ""22185730"", ""22116439"", ""11659421"", ""35520219"", ""10273147"", ""6722522"", ""24512417"", ""4446814"", ""33911859""]","[""4709641""]",0.469136,0.818182,0.874911,3211,False,,,,
scifact_006_SystemC,scifact,56,System C,APOE4 expression in iPSC-derived neurons increases AlphaBeta production and tau phosphorylation causing GABA neuron degeneration.,"The evidence supports the claim that APOE4 expression in iPSC-derived neurons increases Aβ production and tau phosphorylation, leading to GABA neuron degeneration.","The provided documents do contain evidence related to the question. 

Document 1 states that ApoE4-expressing neurons had higher levels of tau phosphorylation and displayed GABAergic neuron degeneration. It also mentions that ApoE4 increased Aβ production in human neurons. 

Although the documents do not explicitly state that APOE4 expression in iPSC-derived neurons increases AlphaBeta production","[""4709641"", ""22185730"", ""22116439"", ""11659421"", ""35520219"", ""10273147"", ""6722522""]","[""4709641""]",0.481013,0.818182,0.895944,2486,False,,,,
scifact_006_SystemB,scifact,56,System B,APOE4 expression in iPSC-derived neurons increases AlphaBeta production and tau phosphorylation causing GABA neuron degeneration.,"The evidence supports the claim that APOE4 expression in iPSC-derived neurons increases Aβ production and tau phosphorylation, leading to GABA neuron degeneration.","The evidence is insufficient to fully support the statement. 

While Document 1 states that ApoE4 expression in human iPSC-derived neurons increases tau phosphorylation and causes GABAergic neuron degeneration, and also increases Aβ production, it does not explicitly mention ""AlphaBeta"" production. However, it can be inferred that ""AlphaBeta"" might be referring to ""Aβ"" (amy","[""4709641"", ""22185730"", ""22116439""]","[""4709641""]",0.493506,0.818182,0.745635,891,False,,,,
scifact_007_SystemB,scifact,569,System B,"In adult tissue, most T cells are memory T cells.","In adult tissue, most T cells are memory T cells.","The statement ""In adult tissue, most T cells are memory T cells"" can be confirmed based on the information provided in Document 2, which states: ""Whereas adult tissues contain a predominance of memory T cells..."" This indicates that in adult tissue, memory T cells are the predominant type of T cell, supporting the statement.","[""21320417"", ""23460562"", ""3155731""]","[""23460562""]",0.3125,1.0,0.876365,655,False,,,,
scifact_007_SystemC,scifact,569,System C,"In adult tissue, most T cells are memory T cells.","In adult tissue, most T cells are memory T cells.","The statement ""In adult tissue, most T cells are memory T cells"" can be supported by Document 2, which states: ""Whereas adult tissues contain a predominance of memory T cells..."". This indicates that in adult tissues, memory T cells are the predominant subset of T cells, suggesting that most T cells in adult tissue are indeed memory T cells.","[""21320417"", ""23460562"", ""3155731"", ""18834078"", ""13636631"", ""24879055"", ""6961811""]","[""23460562""]",0.289855,1.0,0.891863,1595,False,,,,
scifact_007_SystemA,scifact,569,System A,"In adult tissue, most T cells are memory T cells.","In adult tissue, most T cells are memory T cells.","The statement ""In adult tissue, most T cells are memory T cells"" can be supported by the provided documents. 

Document 2 states: ""Whereas adult tissues contain a predominance of memory T cells, in pediatric blood and tissues the main subset consists of naive recent thymic emigrants..."" This suggests that in adult tissues, memory T cells are the predominant subset, supporting the statement.","[""21320417"", ""23460562"", ""3155731"", ""18834078"", ""13636631"", ""24879055"", ""6961811"", ""37311371"", ""3835423"", ""991137""]","[""23460562""]",0.277778,1.0,0.863972,2123,False,,,,
scifact_008_SystemB,scifact,587,System B,"In transgenic mice harboring green florescent protein under the control of the Sox2 promoter, less than ten percent of the cells with green florescent colocalize with cell proliferation markers.",The evidence is insufficient.,"The evidence is insufficient. The provided documents do not contain information about the colocalization of green fluorescent protein with cell proliferation markers in transgenic mice harboring green fluorescent protein under the control of the Sox2 promoter. While Document 1 mentions Sox2-GFP transgenic mice, it does not provide the specific information needed to answer the question.","[""16999023"", ""2296264"", ""21230110""]","[""16999023""]",0.133333,1.0,0.0,1003,False,,,,
scifact_008_SystemC,scifact,587,System C,"In transgenic mice harboring green florescent protein under the control of the Sox2 promoter, less than ten percent of the cells with green florescent colocalize with cell proliferation markers.",The evidence is insufficient.,"The evidence is insufficient. The provided documents do not contain information about the colocalization of green fluorescent protein with cell proliferation markers in transgenic mice harboring green fluorescent protein under the control of the Sox2 promoter. While Document 1 mentions Sox2-GFP transgenic mice, it does not provide the specific information needed to answer the question.","[""16999023"", ""2296264"", ""21230110"", ""25028913"", ""19205326"", ""22705234"", ""25157790""]","[""16999023""]",0.133333,1.0,0.0,2781,False,,,,
scifact_008_SystemA,scifact,587,System A,"In transgenic mice harboring green florescent protein under the control of the Sox2 promoter, less than ten percent of the cells with green florescent colocalize with cell proliferation markers.",The evidence is insufficient.,"The evidence is insufficient to answer the question. The provided documents do not contain information about the colocalization of green fluorescent protein with cell proliferation markers in transgenic mice harboring green fluorescent protein under the control of the Sox2 promoter. While Document 1 mentions Sox2-GFP transgenic mice, it does not provide the specific information required to answer the question.","[""16999023"", ""2296264"", ""21230110"", ""25028913"", ""19205326"", ""22705234"", ""25157790"", ""40558887"", ""5085118"", ""7142113""]","[""16999023""]",0.125,1.0,0.0,3854,False,,,,
scifact_009_SystemC,scifact,700,System C,Localization of PIN1 in the Arabidopsis embryo does not require VPS9a,The evidence is insufficient.,The evidence is insufficient. None of the provided documents mention PIN1 or VPS9a in relation to Arabidopsis embryo localization.,"[""25670099"", ""16557565"", ""18264714"", ""313394"", ""36618603"", ""4335599"", ""8536018""]","[""4350400""]",0.347826,1.0,0.061083,2036,False,,,,
scifact_009_SystemA,scifact,700,System A,Localization of PIN1 in the Arabidopsis embryo does not require VPS9a,The evidence is insufficient.,"The evidence is insufficient. None of the provided documents mention PIN1 or VPS9a in relation to Arabidopsis embryo localization. Therefore, it is not possible to determine if the localization of PIN1 in the Arabidopsis embryo requires VPS9a based on the given documents.","[""25670099"", ""16557565"", ""18264714"", ""313394"", ""36618603"", ""4335599"", ""8536018"", ""28071965"", ""1871230"", ""14972169""]","[""4350400""]",0.173913,1.0,0.075404,2925,False,,,,
scifact_009_SystemB,scifact,700,System B,Localization of PIN1 in the Arabidopsis embryo does not require VPS9a,The evidence is insufficient.,The evidence is insufficient. The provided documents do not contain information about the localization of PIN1 in the Arabidopsis embryo or its relationship with VPS9a.,"[""25670099"", ""16557565"", ""18264714""]","[""4350400""]",0.275862,1.0,0.050946,753,False,,,,
scifact_010_SystemA,scifact,728,System A,Ly6C hi monocytes have a lower inflammatory capacity than Ly6C lo monocytes.,"The evidence contradicts the claim; Ly6C hi monocytes are increased and preferentially recruited during inflammation, indicating a higher inflammatory capacity than Ly6C lo monocytes.","The provided documents do not contain sufficient evidence to support the claim that Ly6C hi monocytes have a lower inflammatory capacity than Ly6C lo monocytes. In fact, Document 3 suggests that Ly-6C(high) monocytes are recruited to inflammatory sites and have an increased capacity to become recruited to inflammatory sites under inflammatory conditions. Document 10 also suggests that Ly6Chi monocytes play","[""7521113"", ""22406695"", ""36444198"", ""7489663"", ""14492339"", ""7948486"", ""12827098"", ""2605032"", ""8317408"", ""22621251""]","[""7521113"", ""36444198""]",0.418605,0.714286,0.959606,3364,False,,,,
scifact_010_SystemB,scifact,728,System B,Ly6C hi monocytes have a lower inflammatory capacity than Ly6C lo monocytes.,"The evidence contradicts the claim; Ly6C hi monocytes are increased and preferentially recruited during inflammation, indicating a higher inflammatory capacity than Ly6C lo monocytes.","The evidence is insufficient to support the claim that Ly6C hi monocytes have a lower inflammatory capacity than Ly6C lo monocytes. While Document 3 mentions that Ly-6C(high) monocytes are recruited to inflammatory sites and increase in number under inflammatory conditions, it does not provide a direct comparison of the inflammatory capacity of Ly6C hi and Ly6C lo monocytes. In","[""7521113"", ""22406695"", ""36444198""]","[""7521113"", ""36444198""]",0.4,0.666667,0.969228,812,False,,,,
scifact_010_SystemC,scifact,728,System C,Ly6C hi monocytes have a lower inflammatory capacity than Ly6C lo monocytes.,"The evidence contradicts the claim; Ly6C hi monocytes are increased and preferentially recruited during inflammation, indicating a higher inflammatory capacity than Ly6C lo monocytes.","The evidence is insufficient to support the claim that Ly6C hi monocytes have a lower inflammatory capacity than Ly6C lo monocytes. 

While Document 3 mentions that under inflammatory conditions, there is a significant increase in immature Ly-6C(high) monocytes, it does not directly compare the inflammatory capacity of Ly6C hi and Ly6C lo monocytes. Document 2 describes","[""7521113"", ""22406695"", ""36444198"", ""7489663"", ""14492339""]","[""7521113"", ""36444198""]",0.365854,0.571429,0.963429,1418,False,,,,
scifact_011_SystemA,scifact,820,System A,N-terminal cleavage increases success identifying transcription start sites.,The evidence is insufficient.,The evidence is insufficient to answer the question. None of the provided documents mention the relationship between N-terminal cleavage and the identification of transcription start sites.,"[""8646760"", ""47240151"", ""3346812"", ""35448676"", ""16108876"", ""16691520"", ""5116145"", ""26108767"", ""16167746"", ""18375089""]","[""8646760""]",0.258065,1.0,0.108976,2844,False,,,,
scifact_011_SystemB,scifact,820,System B,N-terminal cleavage increases success identifying transcription start sites.,The evidence is insufficient.,The evidence is insufficient. None of the provided documents mention N-terminal cleavage or its relation to identifying transcription start sites.,"[""8646760"", ""47240151"", ""3346812""]","[""8646760""]",0.32,1.0,0.247794,565,False,,,,
scifact_011_SystemC,scifact,820,System C,N-terminal cleavage increases success identifying transcription start sites.,The evidence is insufficient.,"The evidence is insufficient. None of the provided documents mention N-terminal cleavage in relation to identifying transcription start sites. They discuss various topics such as protein modifications, lipid binding, DNA methylation, pre-mRNA processing, evolution of cooperation, estrogen receptor binding, and yeast transcription factor motifs, but do not provide information on the specific relationship between N-terminal cleavage and transcription start site identification.","[""8646760"", ""47240151"", ""3346812"", ""35448676"", ""16108876"", ""16691520"", ""5116145""]","[""8646760""]",0.117647,1.0,0.006702,1892,False,,,,
scifact_012_SystemA,scifact,821,System A,N-terminal cleavage reduces success identifying transcription start sites.,The evidence is insufficient.,"The evidence is insufficient to answer the question. The provided documents do not contain information about the relationship between N-terminal cleavage and the identification of transcription start sites. They discuss various topics such as protein modifications, DNA methylation, mRNA polyadenylation, and transcription factors, but do not address the specific question about N-terminal cleavage and transcription start site identification.","[""8646760"", ""47240151"", ""3346812"", ""35448676"", ""26108767"", ""16108876"", ""16691520"", ""5116145"", ""16167746"", ""18375089""]","[""8646760""]",0.125,1.0,0.058943,2886,False,,,,
scifact_012_SystemC,scifact,821,System C,N-terminal cleavage reduces success identifying transcription start sites.,The evidence is insufficient.,The evidence is insufficient. None of the provided documents mention the relationship between N-terminal cleavage and the identification of transcription start sites.,"[""8646760"", ""47240151"", ""3346812"", ""35448676"", ""26108767"", ""16108876"", ""16691520""]","[""8646760""]",0.296296,1.0,0.153041,2033,False,,,,
scifact_012_SystemB,scifact,821,System B,N-terminal cleavage reduces success identifying transcription start sites.,The evidence is insufficient.,"The evidence is insufficient. The provided documents do not mention N-terminal cleavage or its effect on identifying transcription start sites. They discuss various biological topics, including protein modifications, lipid binding, and DNA methylation, but do not address the specific question.","[""8646760"", ""47240151"", ""3346812""]","[""8646760""]",0.177778,1.0,0.092736,591,False,,,,
scifact_013_SystemC,scifact,839,System C,Nanoparticles can be targeted against specific cell types by incorporating aptamers into lipid nanoparticles.,"Aptamer-functionalized lipid nanoparticles can be directed to specific cell types, such as osteoblasts, enabling targeted delivery.","The evidence is sufficient to answer the question. According to Document 6, nanoparticles can be targeted against specific cell types by incorporating aptamers into lipid nanoparticles. The document specifically mentions that aptamer-functionalized lipid nanoparticles can target osteoblasts, demonstrating the potential for targeted delivery of therapeutic agents to specific cell types.","[""169264"", ""17327939"", ""6219790"", ""31715818"", ""13923069"", ""1469751"", ""719812""]","[""1469751""]",0.382353,0.764706,0.928147,2065,False,,,,
scifact_013_SystemA,scifact,839,System A,Nanoparticles can be targeted against specific cell types by incorporating aptamers into lipid nanoparticles.,"Aptamer-functionalized lipid nanoparticles can be directed to specific cell types, such as osteoblasts, enabling targeted delivery.","The evidence is sufficient to answer the question. According to Document 6, nanoparticles can be targeted against specific cell types by incorporating aptamers into lipid nanoparticles. The document specifically mentions that aptamer-functionalized lipid nanoparticles can target osteoblasts, demonstrating the potential for targeted delivery of therapeutic agents to specific cell types.","[""169264"", ""17327939"", ""6219790"", ""31715818"", ""13923069"", ""1469751"", ""719812"", ""13764090"", ""38300781"", ""13794374""]","[""1469751""]",0.382353,0.764706,0.928147,2779,False,,,,
scifact_013_SystemB,scifact,839,System B,Nanoparticles can be targeted against specific cell types by incorporating aptamers into lipid nanoparticles.,"Aptamer-functionalized lipid nanoparticles can be directed to specific cell types, such as osteoblasts, enabling targeted delivery.","The evidence is insufficient to answer the question. The provided documents do not mention the use of aptamers in lipid nanoparticles for targeting specific cell types. While the documents discuss the use of nanoparticles for various applications, including vaccine development and drug delivery, they do not provide information on the specific topic of using aptamers in lipid nanoparticles for cell targeting.","[""169264"", ""17327939"", ""6219790""]","[""1469751""]",0.179487,0.411765,0.745012,789,False,,,,
hotpotqa_001_SystemC,hotpotqa,hotpotqa_148,System C,"""The Simpsons""' eighth season originally aired on the Fox network beginning on which date, the showrunners for the eighth production season were Bill Oakley and Josh Weinstein?","October 27, 1996","October 27, 1996","[""hotpotqa_148_doc_0"", ""hotpotqa_148_doc_4"", ""hotpotqa_148_doc_3"", ""hotpotqa_148_doc_2"", ""hotpotqa_148_doc_6"", ""hotpotqa_148_doc_1"", ""hotpotqa_148_doc_9"", ""hotpotqa_148_doc_5"", ""hotpotqa_148_doc_7"", ""hotpotqa_148_doc_8""]","[""hotpotqa_148_doc_0"", ""hotpotqa_148_doc_9""]",1.0,1.0,1.0,1800,False,,,,
hotpotqa_001_SystemB,hotpotqa,hotpotqa_148,System B,"""The Simpsons""' eighth season originally aired on the Fox network beginning on which date, the showrunners for the eighth production season were Bill Oakley and Josh Weinstein?","October 27, 1996","October 27, 1996","[""hotpotqa_148_doc_0"", ""hotpotqa_148_doc_4"", ""hotpotqa_148_doc_3"", ""hotpotqa_148_doc_2"", ""hotpotqa_148_doc_6"", ""hotpotqa_148_doc_1"", ""hotpotqa_148_doc_9"", ""hotpotqa_148_doc_5"", ""hotpotqa_148_doc_7"", ""hotpotqa_148_doc_8""]","[""hotpotqa_148_doc_0"", ""hotpotqa_148_doc_9""]",1.0,1.0,1.0,1028,False,,,,
hotpotqa_001_SystemA,hotpotqa,hotpotqa_148,System A,"""The Simpsons""' eighth season originally aired on the Fox network beginning on which date, the showrunners for the eighth production season were Bill Oakley and Josh Weinstein?","October 27, 1996","October 27, 1996","[""hotpotqa_148_doc_0"", ""hotpotqa_148_doc_4"", ""hotpotqa_148_doc_3"", ""hotpotqa_148_doc_2"", ""hotpotqa_148_doc_6"", ""hotpotqa_148_doc_1"", ""hotpotqa_148_doc_9""]","[""hotpotqa_148_doc_0"", ""hotpotqa_148_doc_9""]",1.0,1.0,1.0,1266,False,,,,
hotpotqa_002_SystemB,hotpotqa,hotpotqa_26,System B,What NFL team does the 2010 Washington Huskies head coach work for?,Atlanta Falcons,Insufficient evidence,"[""hotpotqa_26_doc_5"", ""hotpotqa_26_doc_7"", ""hotpotqa_26_doc_1"", ""hotpotqa_26_doc_2"", ""hotpotqa_26_doc_8"", ""hotpotqa_26_doc_6"", ""hotpotqa_26_doc_0"", ""hotpotqa_26_doc_9"", ""hotpotqa_26_doc_3"", ""hotpotqa_95_doc_9""]","[""hotpotqa_26_doc_4"", ""hotpotqa_26_doc_7""]",0.0,0.0,0.0,1024,False,,,,
hotpotqa_002_SystemA,hotpotqa,hotpotqa_26,System A,What NFL team does the 2010 Washington Huskies head coach work for?,Atlanta Falcons,Insufficient evidence,"[""hotpotqa_26_doc_5"", ""hotpotqa_26_doc_7"", ""hotpotqa_26_doc_1"", ""hotpotqa_26_doc_2"", ""hotpotqa_26_doc_8"", ""hotpotqa_26_doc_6"", ""hotpotqa_26_doc_0""]","[""hotpotqa_26_doc_4"", ""hotpotqa_26_doc_7""]",0.0,0.0,0.0,1173,False,,,,
hotpotqa_002_SystemC,hotpotqa,hotpotqa_26,System C,What NFL team does the 2010 Washington Huskies head coach work for?,Atlanta Falcons,Atlanta Falcons,"[""hotpotqa_26_doc_5"", ""hotpotqa_26_doc_7"", ""hotpotqa_26_doc_1"", ""hotpotqa_26_doc_2"", ""hotpotqa_26_doc_8"", ""hotpotqa_26_doc_6"", ""hotpotqa_26_doc_0"", ""hotpotqa_26_doc_9"", ""hotpotqa_26_doc_3"", ""hotpotqa_95_doc_9""]","[""hotpotqa_26_doc_4"", ""hotpotqa_26_doc_7""]",1.0,1.0,1.0,1866,False,,,,
hotpotqa_003_SystemA,hotpotqa,hotpotqa_33,System A,Who portrayed Nevil Shed in the movie based on a true story surrounding the events leading to the 1966 NCAA University Division Basketball Championship?,Al Shearer,insufficient evidence,"[""hotpotqa_33_doc_4"", ""hotpotqa_33_doc_5"", ""hotpotqa_33_doc_1"", ""hotpotqa_33_doc_9"", ""hotpotqa_33_doc_3""]","[""hotpotqa_33_doc_1"", ""hotpotqa_33_doc_7""]",0.0,0.0,0.0,383,False,,,,
hotpotqa_003_SystemC,hotpotqa,hotpotqa_33,System C,Who portrayed Nevil Shed in the movie based on a true story surrounding the events leading to the 1966 NCAA University Division Basketball Championship?,Al Shearer,Al Shearer,"[""hotpotqa_33_doc_4"", ""hotpotqa_33_doc_5"", ""hotpotqa_33_doc_1"", ""hotpotqa_33_doc_9"", ""hotpotqa_33_doc_3"", ""hotpotqa_33_doc_2"", ""hotpotqa_33_doc_6"", ""hotpotqa_33_doc_8"", ""hotpotqa_33_doc_0"", ""hotpotqa_33_doc_7""]","[""hotpotqa_33_doc_1"", ""hotpotqa_33_doc_7""]",1.0,1.0,1.0,1256,False,,,,
hotpotqa_003_SystemB,hotpotqa,hotpotqa_33,System B,Who portrayed Nevil Shed in the movie based on a true story surrounding the events leading to the 1966 NCAA University Division Basketball Championship?,Al Shearer,Al Shearer,"[""hotpotqa_33_doc_4"", ""hotpotqa_33_doc_5"", ""hotpotqa_33_doc_1"", ""hotpotqa_33_doc_9"", ""hotpotqa_33_doc_3"", ""hotpotqa_33_doc_2"", ""hotpotqa_33_doc_6"", ""hotpotqa_33_doc_8"", ""hotpotqa_33_doc_0"", ""hotpotqa_33_doc_7""]","[""hotpotqa_33_doc_1"", ""hotpotqa_33_doc_7""]",1.0,1.0,1.0,1049,False,,,,
hotpotqa_004_SystemA,hotpotqa,hotpotqa_36,System A,"On what date, was route on which the village of Hope, New Mexico is located, created ?","July 1, 1931",insufficient evidence,"[""hotpotqa_36_doc_3"", ""hotpotqa_36_doc_2"", ""hotpotqa_36_doc_8"", ""hotpotqa_36_doc_6"", ""hotpotqa_36_doc_4"", ""hotpotqa_36_doc_0"", ""hotpotqa_36_doc_9""]","[""hotpotqa_36_doc_3"", ""hotpotqa_36_doc_7""]",0.0,0.0,0.0,1168,False,,,,
hotpotqa_004_SystemC,hotpotqa,hotpotqa_36,System C,"On what date, was route on which the village of Hope, New Mexico is located, created ?","July 1, 1931","July 1, 1931","[""hotpotqa_36_doc_3"", ""hotpotqa_36_doc_2"", ""hotpotqa_36_doc_8"", ""hotpotqa_36_doc_6"", ""hotpotqa_36_doc_4"", ""hotpotqa_36_doc_0"", ""hotpotqa_36_doc_9"", ""hotpotqa_36_doc_5"", ""hotpotqa_36_doc_1"", ""hotpotqa_36_doc_7""]","[""hotpotqa_36_doc_3"", ""hotpotqa_36_doc_7""]",1.0,1.0,1.0,1776,False,,,,
hotpotqa_004_SystemB,hotpotqa,hotpotqa_36,System B,"On what date, was route on which the village of Hope, New Mexico is located, created ?","July 1, 1931",insufficient evidence,"[""hotpotqa_36_doc_3"", ""hotpotqa_36_doc_2"", ""hotpotqa_36_doc_8"", ""hotpotqa_36_doc_6"", ""hotpotqa_36_doc_4"", ""hotpotqa_36_doc_0"", ""hotpotqa_36_doc_9"", ""hotpotqa_36_doc_5"", ""hotpotqa_36_doc_1"", ""hotpotqa_36_doc_7""]","[""hotpotqa_36_doc_3"", ""hotpotqa_36_doc_7""]",0.0,0.0,0.0,933,False,,,,
hotpotqa_005_SystemC,hotpotqa,hotpotqa_41,System C,What state is the college that Ken Ludwig received an undergraduate from in?,Pennsylvania,Pennsylvania,"[""hotpotqa_41_doc_9"", ""hotpotqa_41_doc_0"", ""hotpotqa_105_doc_1"", ""hotpotqa_41_doc_1"", ""hotpotqa_41_doc_7"", ""hotpotqa_41_doc_8"", ""hotpotqa_41_doc_6"", ""hotpotqa_41_doc_4"", ""hotpotqa_105_doc_2"", ""hotpotqa_125_doc_5""]","[""hotpotqa_41_doc_5"", ""hotpotqa_41_doc_9""]",1.0,1.0,1.0,1246,False,,,,
hotpotqa_005_SystemA,hotpotqa,hotpotqa_41,System A,What state is the college that Ken Ludwig received an undergraduate from in?,Pennsylvania,Pennsylvania,"[""hotpotqa_41_doc_9"", ""hotpotqa_41_doc_0"", ""hotpotqa_105_doc_1"", ""hotpotqa_41_doc_1"", ""hotpotqa_41_doc_7"", ""hotpotqa_41_doc_8"", ""hotpotqa_41_doc_6""]","[""hotpotqa_41_doc_5"", ""hotpotqa_41_doc_9""]",1.0,1.0,1.0,852,False,,,,
hotpotqa_005_SystemB,hotpotqa,hotpotqa_41,System B,What state is the college that Ken Ludwig received an undergraduate from in?,Pennsylvania,Pennsylvania,"[""hotpotqa_41_doc_9"", ""hotpotqa_41_doc_0"", ""hotpotqa_105_doc_1"", ""hotpotqa_41_doc_1"", ""hotpotqa_41_doc_7"", ""hotpotqa_41_doc_8"", ""hotpotqa_41_doc_6"", ""hotpotqa_41_doc_4"", ""hotpotqa_105_doc_2"", ""hotpotqa_125_doc_5""]","[""hotpotqa_41_doc_5"", ""hotpotqa_41_doc_9""]",1.0,1.0,1.0,1013,False,,,,
hotpotqa_006_SystemC,hotpotqa,hotpotqa_56,System C,"Erika Mitchell (born 7 March 1963), known by her pen name E. L. James, is an English author, She wrote the bestselling erotic romance trilogy, Fifty Shades Freed is which number, and final installment of the erotic romance ""Fifty Shades Trilogy""?",third,Third,"[""hotpotqa_56_doc_8"", ""hotpotqa_56_doc_2"", ""hotpotqa_56_doc_6"", ""hotpotqa_56_doc_9"", ""hotpotqa_56_doc_1"", ""hotpotqa_56_doc_5"", ""hotpotqa_56_doc_7"", ""hotpotqa_56_doc_4"", ""hotpotqa_56_doc_3"", ""hotpotqa_56_doc_0""]","[""hotpotqa_56_doc_6"", ""hotpotqa_56_doc_8""]",1.0,1.0,1.0,1375,False,,,,
hotpotqa_006_SystemA,hotpotqa,hotpotqa_56,System A,"Erika Mitchell (born 7 March 1963), known by her pen name E. L. James, is an English author, She wrote the bestselling erotic romance trilogy, Fifty Shades Freed is which number, and final installment of the erotic romance ""Fifty Shades Trilogy""?",third,Third,"[""hotpotqa_56_doc_8"", ""hotpotqa_56_doc_2"", ""hotpotqa_56_doc_6"", ""hotpotqa_56_doc_9"", ""hotpotqa_56_doc_1""]","[""hotpotqa_56_doc_6"", ""hotpotqa_56_doc_8""]",1.0,1.0,1.0,744,False,,,,
hotpotqa_006_SystemB,hotpotqa,hotpotqa_56,System B,"Erika Mitchell (born 7 March 1963), known by her pen name E. L. James, is an English author, She wrote the bestselling erotic romance trilogy, Fifty Shades Freed is which number, and final installment of the erotic romance ""Fifty Shades Trilogy""?",third,Third,"[""hotpotqa_56_doc_8"", ""hotpotqa_56_doc_2"", ""hotpotqa_56_doc_6"", ""hotpotqa_56_doc_9"", ""hotpotqa_56_doc_1"", ""hotpotqa_56_doc_5"", ""hotpotqa_56_doc_7"", ""hotpotqa_56_doc_4"", ""hotpotqa_56_doc_3"", ""hotpotqa_56_doc_0""]","[""hotpotqa_56_doc_6"", ""hotpotqa_56_doc_8""]",1.0,1.0,1.0,963,False,,,,
hotpotqa_007_SystemB,hotpotqa,hotpotqa_58,System B,"Which is a higher level city, Yuxi or Lufeng, Guangdong?",Lufeng,Yuxi,"[""hotpotqa_58_doc_2"", ""hotpotqa_58_doc_7"", ""hotpotqa_58_doc_1"", ""hotpotqa_58_doc_5"", ""hotpotqa_58_doc_4"", ""hotpotqa_58_doc_9"", ""hotpotqa_147_doc_2"", ""hotpotqa_58_doc_6"", ""hotpotqa_58_doc_0"", ""hotpotqa_58_doc_3""]","[""hotpotqa_58_doc_2"", ""hotpotqa_58_doc_7""]",0.0,0.0,0.0,983,False,,,,
hotpotqa_007_SystemA,hotpotqa,hotpotqa_58,System A,"Which is a higher level city, Yuxi or Lufeng, Guangdong?",Lufeng,Yuxi,"[""hotpotqa_58_doc_2"", ""hotpotqa_58_doc_7"", ""hotpotqa_58_doc_1"", ""hotpotqa_58_doc_5"", ""hotpotqa_58_doc_4"", ""hotpotqa_58_doc_9"", ""hotpotqa_147_doc_2""]","[""hotpotqa_58_doc_2"", ""hotpotqa_58_doc_7""]",0.0,0.0,0.0,865,False,,,,
hotpotqa_007_SystemC,hotpotqa,hotpotqa_58,System C,"Which is a higher level city, Yuxi or Lufeng, Guangdong?",Lufeng,Yuxi,"[""hotpotqa_58_doc_2"", ""hotpotqa_58_doc_7"", ""hotpotqa_58_doc_1"", ""hotpotqa_58_doc_5"", ""hotpotqa_58_doc_4"", ""hotpotqa_58_doc_9"", ""hotpotqa_147_doc_2"", ""hotpotqa_58_doc_6"", ""hotpotqa_58_doc_0"", ""hotpotqa_58_doc_3""]","[""hotpotqa_58_doc_2"", ""hotpotqa_58_doc_7""]",0.0,0.0,0.0,1725,False,,,,
hotpotqa_008_SystemB,hotpotqa,hotpotqa_6,System B,"Prescott, Massachusetts is named after a colonel born in what year?",1726,1726,"[""hotpotqa_6_doc_8"", ""hotpotqa_6_doc_4"", ""hotpotqa_6_doc_7"", ""hotpotqa_6_doc_1"", ""hotpotqa_6_doc_5"", ""hotpotqa_6_doc_6"", ""hotpotqa_6_doc_0"", ""hotpotqa_6_doc_2"", ""hotpotqa_6_doc_3"", ""hotpotqa_6_doc_9""]","[""hotpotqa_6_doc_1"", ""hotpotqa_6_doc_5""]",1.0,1.0,1.0,1011,False,,,,
hotpotqa_008_SystemA,hotpotqa,hotpotqa_6,System A,"Prescott, Massachusetts is named after a colonel born in what year?",1726,1726,"[""hotpotqa_6_doc_8"", ""hotpotqa_6_doc_4"", ""hotpotqa_6_doc_7"", ""hotpotqa_6_doc_1"", ""hotpotqa_6_doc_5"", ""hotpotqa_6_doc_6"", ""hotpotqa_6_doc_0""]","[""hotpotqa_6_doc_1"", ""hotpotqa_6_doc_5""]",1.0,1.0,1.0,1160,False,,,,
hotpotqa_008_SystemC,hotpotqa,hotpotqa_6,System C,"Prescott, Massachusetts is named after a colonel born in what year?",1726,1726,"[""hotpotqa_6_doc_8"", ""hotpotqa_6_doc_4"", ""hotpotqa_6_doc_7"", ""hotpotqa_6_doc_1"", ""hotpotqa_6_doc_5"", ""hotpotqa_6_doc_6"", ""hotpotqa_6_doc_0"", ""hotpotqa_6_doc_2"", ""hotpotqa_6_doc_3"", ""hotpotqa_6_doc_9""]","[""hotpotqa_6_doc_1"", ""hotpotqa_6_doc_5""]",1.0,1.0,1.0,1617,False,,,,
hotpotqa_009_SystemA,hotpotqa,hotpotqa_61,System A,"BTS skytrain station, Ratchathewi BTS Station, is located about a ten minute walk to an indoor IT shopping mall located where?",New Phetchaburi Road in Ratchathewi district,Pantip Plaza,"[""hotpotqa_61_doc_4"", ""hotpotqa_61_doc_2"", ""hotpotqa_61_doc_9"", ""hotpotqa_61_doc_3"", ""hotpotqa_61_doc_0"", ""hotpotqa_61_doc_8"", ""hotpotqa_61_doc_5""]","[""hotpotqa_61_doc_2"", ""hotpotqa_61_doc_7""]",0.0,0.0,0.0,1073,False,,,,
hotpotqa_009_SystemC,hotpotqa,hotpotqa_61,System C,"BTS skytrain station, Ratchathewi BTS Station, is located about a ten minute walk to an indoor IT shopping mall located where?",New Phetchaburi Road in Ratchathewi district,Ratchathewi district,"[""hotpotqa_61_doc_4"", ""hotpotqa_61_doc_2"", ""hotpotqa_61_doc_9"", ""hotpotqa_61_doc_3"", ""hotpotqa_61_doc_0"", ""hotpotqa_61_doc_8"", ""hotpotqa_61_doc_5"", ""hotpotqa_61_doc_1"", ""hotpotqa_61_doc_6"", ""hotpotqa_61_doc_7""]","[""hotpotqa_61_doc_2"", ""hotpotqa_61_doc_7""]",0.5,0.333333,0.57735,1454,False,,,,
hotpotqa_009_SystemB,hotpotqa,hotpotqa_61,System B,"BTS skytrain station, Ratchathewi BTS Station, is located about a ten minute walk to an indoor IT shopping mall located where?",New Phetchaburi Road in Ratchathewi district,Pantip Plaza,"[""hotpotqa_61_doc_4"", ""hotpotqa_61_doc_2"", ""hotpotqa_61_doc_9"", ""hotpotqa_61_doc_3"", ""hotpotqa_61_doc_0"", ""hotpotqa_61_doc_8"", ""hotpotqa_61_doc_5"", ""hotpotqa_61_doc_1"", ""hotpotqa_61_doc_6"", ""hotpotqa_61_doc_7""]","[""hotpotqa_61_doc_2"", ""hotpotqa_61_doc_7""]",0.0,0.0,0.0,1167,False,,,,
hotpotqa_010_SystemC,hotpotqa,hotpotqa_66,System C,Do the cocktails Apple-Kneel and Blow Job share any ingredients ?,no,No,"[""hotpotqa_66_doc_7"", ""hotpotqa_66_doc_9"", ""hotpotqa_66_doc_6"", ""hotpotqa_66_doc_2"", ""hotpotqa_66_doc_5"", ""hotpotqa_66_doc_1"", ""hotpotqa_66_doc_8"", ""hotpotqa_143_doc_6"", ""hotpotqa_143_doc_1"", ""hotpotqa_127_doc_3""]","[""hotpotqa_66_doc_2"", ""hotpotqa_66_doc_9""]",1.0,1.0,1.0,1248,False,,,,
hotpotqa_010_SystemB,hotpotqa,hotpotqa_66,System B,Do the cocktails Apple-Kneel and Blow Job share any ingredients ?,no,No,"[""hotpotqa_66_doc_7"", ""hotpotqa_66_doc_9"", ""hotpotqa_66_doc_6"", ""hotpotqa_66_doc_2"", ""hotpotqa_66_doc_5"", ""hotpotqa_66_doc_1"", ""hotpotqa_66_doc_8"", ""hotpotqa_143_doc_6"", ""hotpotqa_143_doc_1"", ""hotpotqa_127_doc_3""]","[""hotpotqa_66_doc_2"", ""hotpotqa_66_doc_9""]",1.0,1.0,1.0,973,False,,,,
hotpotqa_010_SystemA,hotpotqa,hotpotqa_66,System A,Do the cocktails Apple-Kneel and Blow Job share any ingredients ?,no,Insufficient evidence,"[""hotpotqa_66_doc_7"", ""hotpotqa_66_doc_9"", ""hotpotqa_66_doc_6""]","[""hotpotqa_66_doc_2"", ""hotpotqa_66_doc_9""]",0.0,0.0,0.0,388,False,,,,
hotpotqa_011_SystemC,hotpotqa,hotpotqa_7,System C,Fallen tire is produced by Sumitomo rubber group. From which country does this product originate?,Japan,Japan,"[""hotpotqa_7_doc_8"", ""hotpotqa_7_doc_0"", ""hotpotqa_7_doc_3"", ""hotpotqa_7_doc_2"", ""hotpotqa_7_doc_5"", ""hotpotqa_7_doc_4"", ""hotpotqa_92_doc_3"", ""hotpotqa_7_doc_7"", ""hotpotqa_54_doc_2"", ""hotpotqa_92_doc_1""]","[""hotpotqa_7_doc_4"", ""hotpotqa_7_doc_8""]",1.0,1.0,1.0,1255,False,,,,
hotpotqa_011_SystemB,hotpotqa,hotpotqa_7,System B,Fallen tire is produced by Sumitomo rubber group. From which country does this product originate?,Japan,Japan,"[""hotpotqa_7_doc_8"", ""hotpotqa_7_doc_0"", ""hotpotqa_7_doc_3"", ""hotpotqa_7_doc_2"", ""hotpotqa_7_doc_5"", ""hotpotqa_7_doc_4"", ""hotpotqa_92_doc_3"", ""hotpotqa_7_doc_7"", ""hotpotqa_54_doc_2"", ""hotpotqa_92_doc_1""]","[""hotpotqa_7_doc_4"", ""hotpotqa_7_doc_8""]",1.0,1.0,1.0,1016,False,,,,
hotpotqa_011_SystemA,hotpotqa,hotpotqa_7,System A,Fallen tire is produced by Sumitomo rubber group. From which country does this product originate?,Japan,Japan,"[""hotpotqa_7_doc_8"", ""hotpotqa_7_doc_0"", ""hotpotqa_7_doc_3"", ""hotpotqa_7_doc_2"", ""hotpotqa_7_doc_5"", ""hotpotqa_7_doc_4"", ""hotpotqa_92_doc_3""]","[""hotpotqa_7_doc_4"", ""hotpotqa_7_doc_8""]",1.0,1.0,1.0,942,False,,,,
hotpotqa_012_SystemC,hotpotqa,hotpotqa_72,System C,Save Yourself had a cover of a song that was popular during what decade?,1960s,1960s,"[""hotpotqa_72_doc_5"", ""hotpotqa_72_doc_8"", ""hotpotqa_72_doc_2"", ""hotpotqa_72_doc_7"", ""hotpotqa_72_doc_4"", ""hotpotqa_98_doc_0"", ""hotpotqa_72_doc_9"", ""hotpotqa_72_doc_6"", ""hotpotqa_72_doc_1"", ""hotpotqa_38_doc_6""]","[""hotpotqa_72_doc_5"", ""hotpotqa_72_doc_6""]",1.0,1.0,1.0,1819,False,,,,
hotpotqa_012_SystemA,hotpotqa,hotpotqa_72,System A,Save Yourself had a cover of a song that was popular during what decade?,1960s,1960s,"[""hotpotqa_72_doc_5"", ""hotpotqa_72_doc_8"", ""hotpotqa_72_doc_2"", ""hotpotqa_72_doc_7"", ""hotpotqa_72_doc_4"", ""hotpotqa_98_doc_0"", ""hotpotqa_72_doc_9""]","[""hotpotqa_72_doc_5"", ""hotpotqa_72_doc_6""]",1.0,1.0,1.0,1242,False,,,,
hotpotqa_012_SystemB,hotpotqa,hotpotqa_72,System B,Save Yourself had a cover of a song that was popular during what decade?,1960s,1960s,"[""hotpotqa_72_doc_5"", ""hotpotqa_72_doc_8"", ""hotpotqa_72_doc_2"", ""hotpotqa_72_doc_7"", ""hotpotqa_72_doc_4"", ""hotpotqa_98_doc_0"", ""hotpotqa_72_doc_9"", ""hotpotqa_72_doc_6"", ""hotpotqa_72_doc_1"", ""hotpotqa_38_doc_6""]","[""hotpotqa_72_doc_5"", ""hotpotqa_72_doc_6""]",1.0,1.0,1.0,1016,False,,,,
hotpotqa_013_SystemA,hotpotqa,hotpotqa_98,System A,"Who is sometimes attributed with the tune of the song that has the lines ""Send her victorious"" and ""Happy and glorious"" in it?",John Bull,Thomas Arne,"[""hotpotqa_98_doc_4"", ""hotpotqa_98_doc_9"", ""hotpotqa_98_doc_2"", ""hotpotqa_72_doc_6"", ""hotpotqa_94_doc_9"", ""hotpotqa_123_doc_8"", ""hotpotqa_98_doc_8""]","[""hotpotqa_98_doc_0"", ""hotpotqa_98_doc_2""]",0.0,0.0,0.0,1304,False,,,,
hotpotqa_013_SystemC,hotpotqa,hotpotqa_98,System C,"Who is sometimes attributed with the tune of the song that has the lines ""Send her victorious"" and ""Happy and glorious"" in it?",John Bull,John Bull,"[""hotpotqa_98_doc_4"", ""hotpotqa_98_doc_9"", ""hotpotqa_98_doc_2"", ""hotpotqa_72_doc_6"", ""hotpotqa_94_doc_9"", ""hotpotqa_123_doc_8"", ""hotpotqa_98_doc_8"", ""hotpotqa_98_doc_0"", ""hotpotqa_72_doc_4"", ""hotpotqa_86_doc_9""]","[""hotpotqa_98_doc_0"", ""hotpotqa_98_doc_2""]",1.0,1.0,1.0,2016,False,,,,
hotpotqa_013_SystemB,hotpotqa,hotpotqa_98,System B,"Who is sometimes attributed with the tune of the song that has the lines ""Send her victorious"" and ""Happy and glorious"" in it?",John Bull,John Bull,"[""hotpotqa_98_doc_4"", ""hotpotqa_98_doc_9"", ""hotpotqa_98_doc_2"", ""hotpotqa_72_doc_6"", ""hotpotqa_94_doc_9"", ""hotpotqa_123_doc_8"", ""hotpotqa_98_doc_8"", ""hotpotqa_98_doc_0"", ""hotpotqa_72_doc_4"", ""hotpotqa_86_doc_9""]","[""hotpotqa_98_doc_0"", ""hotpotqa_98_doc_2""]",1.0,1.0,1.0,1012,False,,,,
bioasq_001_SystemA,bioasq,bioasq_244,System A,How does exercise affect thyroid hormone receptors expression in the heart?,Exercise has been shown to increase  TRβ1 receptor expression in young rats.  Exercise has been shown to increase both TRα1 and  TRβ1 receptor expression in aged rats.,"The evidence is insufficient to determine how exercise affects thyroid hormone receptors expression in the heart. While Document 2 mentions the effect of chronic exercise on thyroid hormone receptors in rats, it does not provide information on the specific effect on the heart. The other documents do not provide relevant information on the topic. Therefore, more specific research is needed to answer this question.","[""bioasq_18031713"", ""bioasq_21625820"", ""bioasq_15831522"", ""bioasq_17160166"", ""bioasq_11731613"", ""bioasq_22009156"", ""bioasq_23786024"", ""bioasq_20810577"", ""bioasq_10566200"", ""bioasq_11932302""]","[""bioasq_11577024"", ""bioasq_14704232"", ""bioasq_21625820""]",0.170213,0.3125,0.469522,3831,False,,,,
bioasq_001_SystemC,bioasq,bioasq_244,System C,How does exercise affect thyroid hormone receptors expression in the heart?,Exercise has been shown to increase  TRβ1 receptor expression in young rats.  Exercise has been shown to increase both TRα1 and  TRβ1 receptor expression in aged rats.,"Based on the provided documents, exercise affects thyroid hormone receptors expression in the heart by increasing the expression of the TRβ1 receptor, as stated in Document 2. However, the evidence is limited to this single document and does not provide a comprehensive understanding of the relationship between exercise and thyroid hormone receptors expression in the heart. Therefore, the evidence is insufficient to fully answer the question.","[""bioasq_18031713"", ""bioasq_21625820"", ""bioasq_15831522"", ""bioasq_17160166"", ""bioasq_11731613"", ""bioasq_22009156"", ""bioasq_23786024"", ""bioasq_20810577""]","[""bioasq_11577024"", ""bioasq_14704232"", ""bioasq_21625820""]",0.247423,0.5,0.670129,1733,False,,,,
bioasq_001_SystemB,bioasq,bioasq_244,System B,How does exercise affect thyroid hormone receptors expression in the heart?,Exercise has been shown to increase  TRβ1 receptor expression in young rats.  Exercise has been shown to increase both TRα1 and  TRβ1 receptor expression in aged rats.,"The evidence is insufficient to fully answer the question of how exercise affects thyroid hormone receptors expression in the heart. However, Document 2 provides some information on the effect of chronic exercise on thyroid hormone receptors in the myocardium of rats. According to the document, exercise increased the TRβ1 receptor, while food restriction reduced TRα1 mRNA and increased the expression of other proteins. The combination of exercise and","[""bioasq_18031713"", ""bioasq_21625820"", ""bioasq_15831522"", ""bioasq_17160166"", ""bioasq_11731613"", ""bioasq_22009156"", ""bioasq_23786024""]","[""bioasq_11577024"", ""bioasq_14704232"", ""bioasq_21625820""]",0.3,0.5625,0.663791,2649,False,,,,
bioasq_002_SystemC,bioasq,bioasq_2702,System C,Which human gene encode for DNA polymerase θ?,DNA polymerase theta (pol θ) is an evolutionarily conserved protein encoded by the POLQ gene in mammalian genomes,The human gene that encodes for DNA polymerase θ is POLQ. This information is found in Document 1 and Document 3.,"[""bioasq_28668117"", ""bioasq_24013172"", ""bioasq_27264557"", ""bioasq_33176147"", ""bioasq_9511785"", ""bioasq_22479200"", ""bioasq_15342490"", ""bioasq_19620965"", ""bioasq_22960375"", ""bioasq_18660821""]","[""bioasq_27264557"", ""bioasq_28668117""]",0.378378,0.411765,0.832627,1896,False,,,,
bioasq_002_SystemB,bioasq,bioasq_2702,System B,Which human gene encode for DNA polymerase θ?,DNA polymerase theta (pol θ) is an evolutionarily conserved protein encoded by the POLQ gene in mammalian genomes,The human gene that encodes for DNA polymerase θ is POLQ. This information is consistently stated in Documents 1 and 3.,"[""bioasq_28668117"", ""bioasq_24013172"", ""bioasq_27264557"", ""bioasq_33176147"", ""bioasq_9511785"", ""bioasq_22479200"", ""bioasq_15342490""]","[""bioasq_27264557"", ""bioasq_28668117""]",0.378378,0.411765,0.836794,2454,False,,,,
bioasq_002_SystemA,bioasq,bioasq_2702,System A,Which human gene encode for DNA polymerase θ?,DNA polymerase theta (pol θ) is an evolutionarily conserved protein encoded by the POLQ gene in mammalian genomes,The human gene that encodes for DNA polymerase θ is the POLQ gene. This information is consistently stated in Documents 1 and 3.,"[""bioasq_28668117"", ""bioasq_24013172"", ""bioasq_27264557"", ""bioasq_33176147"", ""bioasq_9511785"", ""bioasq_22479200"", ""bioasq_15342490"", ""bioasq_19620965"", ""bioasq_22960375"", ""bioasq_18660821""]","[""bioasq_27264557"", ""bioasq_28668117""]",0.358974,0.411765,0.852546,3182,False,,,,
bioasq_003_SystemB,bioasq,bioasq_3686,System B,Does saracatinib promote oncogenesis?,"No, saracatinib has antitumor activity.","The evidence is insufficient to determine whether saracatinib promotes oncogenesis. Document 1 discusses the antitumor effect of saracatinib, suggesting that it inhibits the growth and migration/invasion of certain cancer cells, which implies that it may actually suppress oncogenesis rather than promote it. However, there is no direct evidence in the provided documents to confirm whether saracatinib promotes onc","[""bioasq_23144237"", ""bioasq_25679813"", ""bioasq_26649774"", ""bioasq_15021236"", ""bioasq_17707228"", ""bioasq_1395299"", ""bioasq_23146972""]","[""bioasq_23144237""]",0.09375,0.6,0.800829,2579,False,,,,
bioasq_003_SystemA,bioasq,bioasq_3686,System A,Does saracatinib promote oncogenesis?,"No, saracatinib has antitumor activity.","The evidence is insufficient to determine whether saracatinib promotes oncogenesis. Document 1 discusses the antitumor effect of saracatinib, suggesting that it inhibits oncogenic signaling pathways, which implies that it does not promote oncogenesis. However, there is no direct information in the provided documents about saracatinib promoting oncogenesis. Therefore, the available evidence is insufficient to answer the","[""bioasq_23144237"", ""bioasq_25679813"", ""bioasq_26649774"", ""bioasq_15021236"", ""bioasq_17707228"", ""bioasq_1395299"", ""bioasq_23146972"", ""bioasq_6583309"", ""bioasq_22684196"", ""bioasq_20692508""]","[""bioasq_23144237""]",0.098361,0.6,0.798206,3167,False,,,,
bioasq_003_SystemC,bioasq,bioasq_3686,System C,Does saracatinib promote oncogenesis?,"No, saracatinib has antitumor activity.","The evidence is insufficient to determine whether saracatinib promotes oncogenesis. The documents provided discuss saracatinib as a potential therapeutic target for cancer treatment, specifically as a c-Src/Abl kinase inhibitor, and its antitumor effects in gastric cancer cell lines. However, there is no mention of saracatinib promoting oncogenesis. In fact, the information suggests that saracatin","[""bioasq_23144237"", ""bioasq_25679813"", ""bioasq_26649774"", ""bioasq_15021236"", ""bioasq_17707228""]","[""bioasq_23144237""]",0.098361,0.6,0.757718,896,False,,,,
bioasq_004_SystemB,bioasq,bioasq_3857,System B,Which interleukin receptors are targeted with rilonacept?,Rilonacept inhibits interleukin-1α and interleukin-1β. It has a role for treatment of pericarditis.,Rilonacept targets both interleukin-1 alpha (IL-1α) and interleukin-1 beta (IL-1β) receptors.,"[""bioasq_33200890"", ""bioasq_33229362"", ""bioasq_18031713"", ""bioasq_32550671"", ""bioasq_31939155"", ""bioasq_25457975"", ""bioasq_32562029""]","[""bioasq_25549233"", ""bioasq_32324502"", ""bioasq_32550671"", ""bioasq_32562029"", ""bioasq_33200890"", ""bioasq_33229362""]",0.4,0.307692,0.75891,3572,False,,,,
bioasq_004_SystemA,bioasq,bioasq_3857,System A,Which interleukin receptors are targeted with rilonacept?,Rilonacept inhibits interleukin-1α and interleukin-1β. It has a role for treatment of pericarditis.,"The interleukin receptors targeted by rilonacept are interleukin-1 alpha (IL-1α) and interleukin-1 beta (IL-1β) receptors. This information can be found in Documents 1, 2, 4, 7, and 8.","[""bioasq_33200890"", ""bioasq_33229362"", ""bioasq_18031713"", ""bioasq_32550671"", ""bioasq_31939155"", ""bioasq_25457975"", ""bioasq_32562029"", ""bioasq_25549233"", ""bioasq_34116467"", ""bioasq_11391780""]","[""bioasq_25549233"", ""bioasq_32324502"", ""bioasq_32550671"", ""bioasq_32562029"", ""bioasq_33200890"", ""bioasq_33229362""]",0.255319,0.307692,0.71594,4880,False,,,,
bioasq_004_SystemC,bioasq,bioasq_3857,System C,Which interleukin receptors are targeted with rilonacept?,Rilonacept inhibits interleukin-1α and interleukin-1β. It has a role for treatment of pericarditis.,"The interleukin receptors targeted with rilonacept are IL-1α and IL-1β receptors. This information can be found in Documents 1, 2, 4, and 7, which all mention that rilonacept is an IL-1α and IL-1β cytokine trap or blocker.","[""bioasq_33200890"", ""bioasq_33229362"", ""bioasq_18031713"", ""bioasq_32550671"", ""bioasq_31939155"", ""bioasq_25457975"", ""bioasq_32562029"", ""bioasq_25549233""]","[""bioasq_25549233"", ""bioasq_32324502"", ""bioasq_32550671"", ""bioasq_32562029"", ""bioasq_33200890"", ""bioasq_33229362""]",0.178571,0.307692,0.727003,2216,False,,,,
bioasq_005_SystemA,bioasq,bioasq_4062,System A,Which is the role of mediator in genome organization?,"Mediator binds to boundaries of chromosomal interaction domains and to proteins involved in DNA looping, RNA metabolism, chromatin remodeling, and actin assembly.","The role of Mediator in genome organization is to play a significant role in higher-order genome organization. Mediator occupies chromosomal interacting domain (CID) boundaries and associates with proteins that have been shown to interact with CID boundaries, suggesting its involvement in genome organization. Additionally, Mediator has been implicated in chromatin remodeling, gene looping, and mRNA decay, which are all related to genome organization.","[""bioasq_28575439"", ""bioasq_29157917"", ""bioasq_29209056"", ""bioasq_24998386"", ""bioasq_26240385"", ""bioasq_27773677"", ""bioasq_31209209"", ""bioasq_14759369"", ""bioasq_26305225"", ""bioasq_27742736""]","[""bioasq_24824069"", ""bioasq_24998386"", ""bioasq_26240385"", ""bioasq_27742736"", ""bioasq_27773677"", ""bioasq_28575439"", ""bioasq_29157917"", ""bioasq_29209056"", ""bioasq_31209209"", ""bioasq_31211995"", ""bioasq_33176147""]",0.302326,0.55,0.825066,2972,False,,,,
bioasq_005_SystemB,bioasq,bioasq_4062,System B,Which is the role of mediator in genome organization?,"Mediator binds to boundaries of chromosomal interaction domains and to proteins involved in DNA looping, RNA metabolism, chromatin remodeling, and actin assembly.","The role of Mediator in genome organization is to play a significant role in higher-order genome organization. According to Document 1, Mediator occupies chromosomal interacting domain (CID) boundaries and associates with proteins that have been shown to interact with CID boundaries, suggesting its involvement in genome organization. Additionally, Document 4 mentions that Mediator is an architectural protein that helps establish and maintain cell state during development","[""bioasq_28575439"", ""bioasq_29157917"", ""bioasq_29209056"", ""bioasq_24998386"", ""bioasq_26240385"", ""bioasq_27773677"", ""bioasq_31209209""]","[""bioasq_24824069"", ""bioasq_24998386"", ""bioasq_26240385"", ""bioasq_27742736"", ""bioasq_27773677"", ""bioasq_28575439"", ""bioasq_29157917"", ""bioasq_29209056"", ""bioasq_31209209"", ""bioasq_31211995"", ""bioasq_33176147""]",0.224719,0.4,0.797666,2032,False,,,,
bioasq_005_SystemC,bioasq,bioasq_4062,System C,Which is the role of mediator in genome organization?,"Mediator binds to boundaries of chromosomal interaction domains and to proteins involved in DNA looping, RNA metabolism, chromatin remodeling, and actin assembly.","The role of Mediator in genome organization is to play a significant role in higher-order genome organization. According to Document 1, Mediator occupies chromosomal interacting domain (CID) boundaries and associates with proteins that have been shown to interact with CID boundaries. Additionally, Document 4 suggests that Mediator, along with other architectural proteins, helps define the organizational hierarchy of the genome and is involved in establishing","[""bioasq_28575439"", ""bioasq_29157917"", ""bioasq_29209056"", ""bioasq_24998386"", ""bioasq_26240385"", ""bioasq_27773677"", ""bioasq_31209209"", ""bioasq_14759369""]","[""bioasq_24824069"", ""bioasq_24998386"", ""bioasq_26240385"", ""bioasq_27742736"", ""bioasq_27773677"", ""bioasq_28575439"", ""bioasq_29157917"", ""bioasq_29209056"", ""bioasq_31209209"", ""bioasq_31211995"", ""bioasq_33176147""]",0.25,0.45,0.765257,1961,False,,,,
bioasq_006_SystemA,bioasq,bioasq_4147,System A,What is Pseudomelanosis duodeni?,"Pseudomelanosis duodeni is a rare incidental finding seen on endoscopy and has the characteristic appearance of flat, black-speckled pigmented mucosa that can be associated with gastrointestinal bleeding, hypertension, chronic heart failure, chronic renal failure and consumption of different drugs.","Pseudomelanosis duodeni is a rare condition characterized by the accumulation of dark pigment in the duodenal mucosa, specifically within macrophages in the lamina propria. It is often seen as flat, black-speckled pigmented mucosa on endoscopy and is more commonly found in elderly females. The pigment is thought to be primarily composed of ferrous sulfide","[""bioasq_32313471"", ""bioasq_8527967"", ""bioasq_9050065"", ""bioasq_18253910"", ""bioasq_10532135"", ""bioasq_24326430"", ""bioasq_31528551"", ""bioasq_3371613"", ""bioasq_1341423"", ""bioasq_27701885""]","[""bioasq_10532135"", ""bioasq_10958041"", ""bioasq_10998854"", ""bioasq_1341423"", ""bioasq_18253910"", ""bioasq_22493558"", ""bioasq_24326430"", ""bioasq_27701885"", ""bioasq_27785200"", ""bioasq_28679982"", ""bioasq_29564071"", ""bioasq_3047212"", ""bioasq_31528551"", ""bioasq_32313471"", ""bioasq_3371613"", ""bioasq_8527967"", ""bioasq_9050065""]",0.378947,0.472222,0.899967,2136,False,,,,
bioasq_006_SystemB,bioasq,bioasq_4147,System B,What is Pseudomelanosis duodeni?,"Pseudomelanosis duodeni is a rare incidental finding seen on endoscopy and has the characteristic appearance of flat, black-speckled pigmented mucosa that can be associated with gastrointestinal bleeding, hypertension, chronic heart failure, chronic renal failure and consumption of different drugs.","Pseudomelanosis duodeni is a rare condition characterized by the appearance of flat, black-speckled pigmented mucosa in the duodenum, typically seen on endoscopy. It is often described as having a ""peppery"" or speckled appearance. The condition is thought to be related to the accumulation of iron, possibly due to impaired iron metabolism, and is","[""bioasq_32313471"", ""bioasq_8527967"", ""bioasq_9050065"", ""bioasq_18253910"", ""bioasq_10532135""]","[""bioasq_10532135"", ""bioasq_10958041"", ""bioasq_10998854"", ""bioasq_1341423"", ""bioasq_18253910"", ""bioasq_22493558"", ""bioasq_24326430"", ""bioasq_27701885"", ""bioasq_27785200"", ""bioasq_28679982"", ""bioasq_29564071"", ""bioasq_3047212"", ""bioasq_31528551"", ""bioasq_32313471"", ""bioasq_3371613"", ""bioasq_8527967"", ""bioasq_9050065""]",0.404255,0.5,0.9036,962,False,,,,
bioasq_006_SystemC,bioasq,bioasq_4147,System C,What is Pseudomelanosis duodeni?,"Pseudomelanosis duodeni is a rare incidental finding seen on endoscopy and has the characteristic appearance of flat, black-speckled pigmented mucosa that can be associated with gastrointestinal bleeding, hypertension, chronic heart failure, chronic renal failure and consumption of different drugs.","Pseudomelanosis duodeni is a rare condition characterized by the appearance of flat, black-speckled pigmented mucosa in the duodenum, typically seen on endoscopy. It is described as diffuse small black spots on the first and second portions of the duodenum, resembling ""peppery speckles"" in the duodenal mucosa. The condition is","[""bioasq_32313471"", ""bioasq_8527967"", ""bioasq_9050065"", ""bioasq_18253910"", ""bioasq_10532135""]","[""bioasq_10532135"", ""bioasq_10958041"", ""bioasq_10998854"", ""bioasq_1341423"", ""bioasq_18253910"", ""bioasq_22493558"", ""bioasq_24326430"", ""bioasq_27701885"", ""bioasq_27785200"", ""bioasq_28679982"", ""bioasq_29564071"", ""bioasq_3047212"", ""bioasq_31528551"", ""bioasq_32313471"", ""bioasq_3371613"", ""bioasq_8527967"", ""bioasq_9050065""]",0.4,0.472222,0.916256,568,False,,,,
bioasq_007_SystemC,bioasq,bioasq_4310,System C,What is the origin of  HEp-2 cells?,human larynx epidermoid carcinoma cell line (HEp-2),"The evidence is insufficient. The provided documents do not contain information about the origin of HEp-2 cells. They mention the use of HEp-2 cells in various studies, but do not provide information about their origin or how they were established.","[""bioasq_25658113"", ""bioasq_26728715"", ""bioasq_32384969"", ""bioasq_32409089"", ""bioasq_30702281"", ""bioasq_23809990"", ""bioasq_22265405"", ""bioasq_24656819""]","[""bioasq_25658113"", ""bioasq_30702281"", ""bioasq_32384969"", ""bioasq_32409089""]",0.08,0.25,0.427431,1932,False,,,,
bioasq_007_SystemB,bioasq,bioasq_4310,System B,What is the origin of  HEp-2 cells?,human larynx epidermoid carcinoma cell line (HEp-2),"The evidence is insufficient. The provided documents do not contain information about the origin of HEp-2 cells. They mention that HEp-2 is a human larynx epidermoid carcinoma cell line, but they do not provide information about how the cell line was established or where it originated from.","[""bioasq_25658113"", ""bioasq_26728715"", ""bioasq_32384969"", ""bioasq_32409089"", ""bioasq_30702281""]","[""bioasq_25658113"", ""bioasq_30702281"", ""bioasq_32384969"", ""bioasq_32409089""]",0.280702,1.0,0.785575,2342,False,,,,
bioasq_007_SystemA,bioasq,bioasq_4310,System A,What is the origin of  HEp-2 cells?,human larynx epidermoid carcinoma cell line (HEp-2),"The evidence is insufficient. The provided documents do not contain information about the origin of HEp-2 cells. They mention the use of HEp-2 cells in various studies, but do not provide information about their origin or how they were established.","[""bioasq_25658113"", ""bioasq_26728715"", ""bioasq_32384969"", ""bioasq_32409089"", ""bioasq_30702281"", ""bioasq_23809990"", ""bioasq_22265405"", ""bioasq_24656819"", ""bioasq_29531424"", ""bioasq_22279046""]","[""bioasq_25658113"", ""bioasq_30702281"", ""bioasq_32384969"", ""bioasq_32409089""]",0.08,0.25,0.427431,3509,False,,,,
bioasq_008_SystemC,bioasq,bioasq_4392,System C,Are TAMs good anticancer therapeutic targets?,Therapeutic strategies to target TAMs to complement conventional therapies has yielded promising results.,"Based on the provided documents, the answer to the question ""Are TAMs good anticancer therapeutic targets?"" can be found in Document 2. 

According to Document 2, ""In most solid cancers, increased infiltration with tumor-associated macrophages (TAMs) has long been associated with poor patient prognosis, highlighting their value as potential diagnostic and prognostic biomarkers in cancer."" Additionally","[""bioasq_20880963"", ""bioasq_29594035"", ""bioasq_26939882"", ""bioasq_23899985"", ""bioasq_23737395"", ""bioasq_31897908"", ""bioasq_34110722"", ""bioasq_7975766""]","[""bioasq_29594035""]",0.142857,0.333333,0.679032,1591,False,,,,
bioasq_008_SystemB,bioasq,bioasq_4392,System B,Are TAMs good anticancer therapeutic targets?,Therapeutic strategies to target TAMs to complement conventional therapies has yielded promising results.,"The documents provide evidence that TAMs (tumor-associated macrophages) are potential therapeutic targets for anticancer therapy. Document 2 states that ""Integrating therapeutic strategies to target TAMs to complement conventional therapies has yielded promising results in preclinical trials and warrants further investigation to determine its translational benefit in human cancer patients."" This suggests that targeting TAMs may be a useful approach in cancer treatment","[""bioasq_20880963"", ""bioasq_29594035"", ""bioasq_26939882""]","[""bioasq_29594035""]",0.342105,1.0,0.778486,1271,False,,,,
bioasq_008_SystemA,bioasq,bioasq_4392,System A,Are TAMs good anticancer therapeutic targets?,Therapeutic strategies to target TAMs to complement conventional therapies has yielded promising results.,"The evidence is insufficient to determine if TAMs (Thyronamines) are good anticancer therapeutic targets. Document 1 discusses the potential therapeutic applications of TAMs, but it does not specifically mention their use in cancer treatment. 

However, Document 2 refers to ""TAMs"" as tumor-associated macrophages, which are a different entity from Thyronamines. According to this document","[""bioasq_20880963"", ""bioasq_29594035"", ""bioasq_26939882"", ""bioasq_23899985"", ""bioasq_23737395"", ""bioasq_31897908"", ""bioasq_34110722"", ""bioasq_7975766"", ""bioasq_16709748"", ""bioasq_20829083""]","[""bioasq_29594035""]",0.117647,0.25,0.696552,3001,False,,,,
